issue_type,severity,object_type,schema,object_name,metric,recommendation,estimated_effort
FUNCTION_SECURITY_DEFINER,HIGH,function,graphql,get_schema_version,security_definer,Audit function for least privilege; consider SECURITY INVOKER or set search_path/owner,45m
FUNCTION_SECURITY_DEFINER,HIGH,function,graphql,increment_schema_version,security_definer,Audit function for least privilege; consider SECURITY INVOKER or set search_path/owner,45m
FUNCTION_SECURITY_DEFINER,HIGH,function,pgbouncer,get_auth,security_definer,Audit function for least privilege; consider SECURITY INVOKER or set search_path/owner,45m
FUNCTION_SECURITY_DEFINER,HIGH,function,public,account_bonus_protector_sale,security_definer,Audit function for least privilege; consider SECURITY INVOKER or set search_path/owner,45m
FUNCTION_SECURITY_DEFINER,HIGH,function,public,account_protection_credit_breakage,security_definer,Audit function for least privilege; consider SECURITY INVOKER or set search_path/owner,45m
FUNCTION_SECURITY_DEFINER,HIGH,function,public,account_protection_credit_consumption,security_definer,Audit function for least privilege; consider SECURITY INVOKER or set search_path/owner,45m
FUNCTION_SECURITY_DEFINER,HIGH,function,public,account_protection_credit_issuance,security_definer,Audit function for least privilege; consider SECURITY INVOKER or set search_path/owner,45m
FUNCTION_SECURITY_DEFINER,HIGH,function,public,account_protection_credit_renewal,security_definer,Audit function for least privilege; consider SECURITY INVOKER or set search_path/owner,45m
FUNCTION_SECURITY_DEFINER,HIGH,function,public,accounting_auto_audit,security_definer,Audit function for least privilege; consider SECURITY INVOKER or set search_path/owner,45m
FUNCTION_SECURITY_DEFINER,HIGH,function,public,accounting_balance_sheet,security_definer,Audit function for least privilege; consider SECURITY INVOKER or set search_path/owner,45m
FUNCTION_SECURITY_DEFINER,HIGH,function,public,accounting_daily_closure,security_definer,Audit function for least privilege; consider SECURITY INVOKER or set search_path/owner,45m
FUNCTION_SECURITY_DEFINER,HIGH,function,public,accounting_income_statement,security_definer,Audit function for least privilege; consider SECURITY INVOKER or set search_path/owner,45m
FUNCTION_SECURITY_DEFINER,HIGH,function,public,accounting_monthly_closure,security_definer,Audit function for least privilege; consider SECURITY INVOKER or set search_path/owner,45m
FUNCTION_SECURITY_DEFINER,HIGH,function,public,accounting_verify_wallet_liabilities,security_definer,Audit function for least privilege; consider SECURITY INVOKER or set search_path/owner,45m
FUNCTION_SECURITY_DEFINER,HIGH,function,public,activate_insurance_coverage,security_definer,Audit function for least privilege; consider SECURITY INVOKER or set search_path/owner,45m
FUNCTION_SECURITY_DEFINER,HIGH,function,public,add_bank_account_with_encryption,security_definer,Audit function for least privilege; consider SECURITY INVOKER or set search_path/owner,45m
FUNCTION_SECURITY_DEFINER,HIGH,function,public,add_to_waitlist,security_definer,Audit function for least privilege; consider SECURITY INVOKER or set search_path/owner,45m
FUNCTION_SECURITY_DEFINER,HIGH,function,public,adjust_alpha_dynamic,security_definer,Audit function for least privilege; consider SECURITY INVOKER or set search_path/owner,45m
FUNCTION_SECURITY_DEFINER,HIGH,function,public,admin_get_refund_requests,security_definer,Audit function for least privilege; consider SECURITY INVOKER or set search_path/owner,45m
FUNCTION_SECURITY_DEFINER,HIGH,function,public,apply_fgo_movement,security_definer,Audit function for least privilege; consider SECURITY INVOKER or set search_path/owner,45m
FUNCTION_SECURITY_DEFINER,HIGH,function,public,apply_referral_code,security_definer,Audit function for least privilege; consider SECURITY INVOKER or set search_path/owner,45m
FUNCTION_SECURITY_DEFINER,HIGH,function,public,auto_complete_first_booking_milestone,security_definer,Audit function for least privilege; consider SECURITY INVOKER or set search_path/owner,45m
FUNCTION_SECURITY_DEFINER,HIGH,function,public,auto_generate_referral_code_on_first_car,security_definer,Audit function for least privilege; consider SECURITY INVOKER or set search_path/owner,45m
FUNCTION_SECURITY_DEFINER,HIGH,function,public,auto_payout_approved_rewards,security_definer,Audit function for least privilege; consider SECURITY INVOKER or set search_path/owner,45m
FUNCTION_SECURITY_DEFINER,HIGH,function,public,calculate_fgo_metrics,security_definer,Audit function for least privilege; consider SECURITY INVOKER or set search_path/owner,45m
FUNCTION_SECURITY_DEFINER,HIGH,function,public,calculate_pem,security_definer,Audit function for least privilege; consider SECURITY INVOKER or set search_path/owner,45m
FUNCTION_SECURITY_DEFINER,HIGH,function,public,calculate_rc_v1_1,security_definer,Audit function for least privilege; consider SECURITY INVOKER or set search_path/owner,45m
FUNCTION_SECURITY_DEFINER,HIGH,function,public,calculate_telemetry_score,security_definer,Audit function for least privilege; consider SECURITY INVOKER or set search_path/owner,45m
FUNCTION_SECURITY_DEFINER,HIGH,function,public,can_publish_car,security_definer,Audit function for least privilege; consider SECURITY INVOKER or set search_path/owner,45m
FUNCTION_SECURITY_DEFINER,HIGH,function,public,cancel_conflicting_pending_by_renter,security_definer,Audit function for least privilege; consider SECURITY INVOKER or set search_path/owner,45m
FUNCTION_SECURITY_DEFINER,HIGH,function,public,cancel_payment_authorization,security_definer,Audit function for least privilege; consider SECURITY INVOKER or set search_path/owner,45m
FUNCTION_SECURITY_DEFINER,HIGH,function,public,capture_payment_authorization,security_definer,Audit function for least privilege; consider SECURITY INVOKER or set search_path/owner,45m
FUNCTION_SECURITY_DEFINER,HIGH,function,public,check_autorentar_credit_expiry,security_definer,Audit function for least privilege; consider SECURITY INVOKER or set search_path/owner,45m
FUNCTION_SECURITY_DEFINER,HIGH,function,public,check_car_availability,security_definer,Audit function for least privilege; consider SECURITY INVOKER or set search_path/owner,45m
FUNCTION_SECURITY_DEFINER,HIGH,function,public,check_mercadopago_connection,security_definer,Audit function for least privilege; consider SECURITY INVOKER or set search_path/owner,45m
FUNCTION_SECURITY_DEFINER,HIGH,function,public,check_snapshot_revalidation,security_definer,Audit function for least privilege; consider SECURITY INVOKER or set search_path/owner,45m
FUNCTION_SECURITY_DEFINER,HIGH,function,public,cleanup_expired_waitlist,security_definer,Audit function for least privilege; consider SECURITY INVOKER or set search_path/owner,45m
FUNCTION_SECURITY_DEFINER,HIGH,function,public,close_accounting_period,security_definer,Audit function for least privilege; consider SECURITY INVOKER or set search_path/owner,45m
FUNCTION_SECURITY_DEFINER,HIGH,function,public,complete_payment_split,security_definer,Audit function for least privilege; consider SECURITY INVOKER or set search_path/owner,45m
FUNCTION_SECURITY_DEFINER,HIGH,function,public,complete_referral_milestone,security_definer,Audit function for least privilege; consider SECURITY INVOKER or set search_path/owner,45m
FUNCTION_SECURITY_DEFINER,HIGH,function,public,compute_fee_with_class,security_definer,Audit function for least privilege; consider SECURITY INVOKER or set search_path/owner,45m
FUNCTION_SECURITY_DEFINER,HIGH,function,public,compute_guarantee_with_class,security_definer,Audit function for least privilege; consider SECURITY INVOKER or set search_path/owner,45m
FUNCTION_SECURITY_DEFINER,HIGH,function,public,config_update,security_definer,Audit function for least privilege; consider SECURITY INVOKER or set search_path/owner,45m
FUNCTION_SECURITY_DEFINER,HIGH,function,public,connect_mercadopago,security_definer,Audit function for least privilege; consider SECURITY INVOKER or set search_path/owner,45m
FUNCTION_SECURITY_DEFINER,HIGH,function,public,consume_autorentar_credit_for_claim,security_definer,Audit function for least privilege; consider SECURITY INVOKER or set search_path/owner,45m
FUNCTION_SECURITY_DEFINER,HIGH,function,public,consume_protection_credit_for_claim,security_definer,Audit function for least privilege; consider SECURITY INVOKER or set search_path/owner,45m
FUNCTION_SECURITY_DEFINER,HIGH,function,public,create_journal_entry,security_definer,Audit function for least privilege; consider SECURITY INVOKER or set search_path/owner,45m
FUNCTION_SECURITY_DEFINER,HIGH,function,public,create_onboarding_plan_with_steps,security_definer,Audit function for least privilege; consider SECURITY INVOKER or set search_path/owner,45m
FUNCTION_SECURITY_DEFINER,HIGH,function,public,create_onboarding_plan_with_steps_v1,security_definer,Audit function for least privilege; consider SECURITY INVOKER or set search_path/owner,45m
FUNCTION_SECURITY_DEFINER,HIGH,function,public,create_payment_authorization,security_definer,Audit function for least privilege; consider SECURITY INVOKER or set search_path/owner,45m
FUNCTION_SECURITY_DEFINER,HIGH,function,public,create_review,security_definer,Audit function for least privilege; consider SECURITY INVOKER or set search_path/owner,45m
FUNCTION_SECURITY_DEFINER,HIGH,function,public,decrypt_message,security_definer,Audit function for least privilege; consider SECURITY INVOKER or set search_path/owner,45m
FUNCTION_SECURITY_DEFINER,HIGH,function,public,decrypt_pii,security_definer,Audit function for least privilege; consider SECURITY INVOKER or set search_path/owner,45m
FUNCTION_SECURITY_DEFINER,HIGH,function,public,disconnect_mercadopago,security_definer,Audit function for least privilege; consider SECURITY INVOKER or set search_path/owner,45m
FUNCTION_SECURITY_DEFINER,HIGH,function,public,encrypt_message,security_definer,Audit function for least privilege; consider SECURITY INVOKER or set search_path/owner,45m
FUNCTION_SECURITY_DEFINER,HIGH,function,public,encrypt_message_body_trigger,security_definer,Audit function for least privilege; consider SECURITY INVOKER or set search_path/owner,45m
FUNCTION_SECURITY_DEFINER,HIGH,function,public,encrypt_pii,security_definer,Audit function for least privilege; consider SECURITY INVOKER or set search_path/owner,45m
FUNCTION_SECURITY_DEFINER,HIGH,function,public,end_location_tracking,security_definer,Audit function for least privilege; consider SECURITY INVOKER or set search_path/owner,45m
FUNCTION_SECURITY_DEFINER,HIGH,function,public,expire_pending_bookings,security_definer,Audit function for least privilege; consider SECURITY INVOKER or set search_path/owner,45m
FUNCTION_SECURITY_DEFINER,HIGH,function,public,extend_protection_credit_for_good_history,security_definer,Audit function for least privilege; consider SECURITY INVOKER or set search_path/owner,45m
FUNCTION_SECURITY_DEFINER,HIGH,function,public,fgo_assess_eligibility,security_definer,Audit function for least privilege; consider SECURITY INVOKER or set search_path/owner,45m
FUNCTION_SECURITY_DEFINER,HIGH,function,public,fgo_contribute_from_deposit,security_definer,Audit function for least privilege; consider SECURITY INVOKER or set search_path/owner,45m
FUNCTION_SECURITY_DEFINER,HIGH,function,public,fgo_execute_waterfall,security_definer,Audit function for least privilege; consider SECURITY INVOKER or set search_path/owner,45m
FUNCTION_SECURITY_DEFINER,HIGH,function,public,fgo_pay_siniestro,security_definer,Audit function for least privilege; consider SECURITY INVOKER or set search_path/owner,45m
FUNCTION_SECURITY_DEFINER,HIGH,function,public,fgo_transfer_between_subfunds,security_definer,Audit function for least privilege; consider SECURITY INVOKER or set search_path/owner,45m
FUNCTION_SECURITY_DEFINER,HIGH,function,public,generate_referral_code,security_definer,Audit function for least privilege; consider SECURITY INVOKER or set search_path/owner,45m
FUNCTION_SECURITY_DEFINER,HIGH,function,public,get_active_calendar_token,security_definer,Audit function for least privilege; consider SECURITY INVOKER or set search_path/owner,45m
FUNCTION_SECURITY_DEFINER,HIGH,function,public,get_active_tracking_for_booking,security_definer,Audit function for least privilege; consider SECURITY INVOKER or set search_path/owner,45m
FUNCTION_SECURITY_DEFINER,HIGH,function,public,get_available_cars,security_definer,Audit function for least privilege; consider SECURITY INVOKER or set search_path/owner,45m
FUNCTION_SECURITY_DEFINER,HIGH,function,public,get_car_blocked_dates,security_definer,Audit function for least privilege; consider SECURITY INVOKER or set search_path/owner,45m
FUNCTION_SECURITY_DEFINER,HIGH,function,public,get_car_conversation_participants,security_definer,Audit function for least privilege; consider SECURITY INVOKER or set search_path/owner,45m
FUNCTION_SECURITY_DEFINER,HIGH,function,public,get_class_benefits,security_definer,Audit function for least privilege; consider SECURITY INVOKER or set search_path/owner,45m
FUNCTION_SECURITY_DEFINER,HIGH,function,public,get_conversation_messages,security_definer,Audit function for least privilege; consider SECURITY INVOKER or set search_path/owner,45m
FUNCTION_SECURITY_DEFINER,HIGH,function,public,get_conversion_stats,security_definer,Audit function for least privilege; consider SECURITY INVOKER or set search_path/owner,45m
FUNCTION_SECURITY_DEFINER,HIGH,function,public,get_driver_profile,security_definer,Audit function for least privilege; consider SECURITY INVOKER or set search_path/owner,45m
FUNCTION_SECURITY_DEFINER,HIGH,function,public,get_driver_telemetry_average,security_definer,Audit function for least privilege; consider SECURITY INVOKER or set search_path/owner,45m
FUNCTION_SECURITY_DEFINER,HIGH,function,public,get_expiring_holds,security_definer,Audit function for least privilege; consider SECURITY INVOKER or set search_path/owner,45m
FUNCTION_SECURITY_DEFINER,HIGH,function,public,get_marketplace_approved_owners,security_definer,Audit function for least privilege; consider SECURITY INVOKER or set search_path/owner,45m
FUNCTION_SECURITY_DEFINER,HIGH,function,public,get_mp_onboarding_notifications,security_definer,Audit function for least privilege; consider SECURITY INVOKER or set search_path/owner,45m
FUNCTION_SECURITY_DEFINER,HIGH,function,public,get_my_profile_decrypted,security_definer,Audit function for least privilege; consider SECURITY INVOKER or set search_path/owner,45m
FUNCTION_SECURITY_DEFINER,HIGH,function,public,get_my_waitlist,security_definer,Audit function for least privilege; consider SECURITY INVOKER or set search_path/owner,45m
FUNCTION_SECURITY_DEFINER,HIGH,function,public,get_next_available_date,security_definer,Audit function for least privilege; consider SECURITY INVOKER or set search_path/owner,45m
FUNCTION_SECURITY_DEFINER,HIGH,function,public,get_onboarding_status,security_definer,Audit function for least privilege; consider SECURITY INVOKER or set search_path/owner,45m
FUNCTION_SECURITY_DEFINER,HIGH,function,public,get_payout_stats,security_definer,Audit function for least privilege; consider SECURITY INVOKER or set search_path/owner,45m
FUNCTION_SECURITY_DEFINER,HIGH,function,public,get_telemetry_history,security_definer,Audit function for least privilege; consider SECURITY INVOKER or set search_path/owner,45m
FUNCTION_SECURITY_DEFINER,HIGH,function,public,get_telemetry_insights,security_definer,Audit function for least privilege; consider SECURITY INVOKER or set search_path/owner,45m
FUNCTION_SECURITY_DEFINER,HIGH,function,public,get_unread_messages_count,security_definer,Audit function for least privilege; consider SECURITY INVOKER or set search_path/owner,45m
FUNCTION_SECURITY_DEFINER,HIGH,function,public,get_user_conversations,security_definer,Audit function for least privilege; consider SECURITY INVOKER or set search_path/owner,45m
FUNCTION_SECURITY_DEFINER,HIGH,function,public,get_user_public_stats,security_definer,Audit function for least privilege; consider SECURITY INVOKER or set search_path/owner,45m
FUNCTION_SECURITY_DEFINER,HIGH,function,public,get_verification_progress,security_definer,Audit function for least privilege; consider SECURITY INVOKER or set search_path/owner,45m
FUNCTION_SECURITY_DEFINER,HIGH,function,public,get_waitlist_count,security_definer,Audit function for least privilege; consider SECURITY INVOKER or set search_path/owner,45m
FUNCTION_SECURITY_DEFINER,HIGH,function,public,handle_new_user,security_definer,Audit function for least privilege; consider SECURITY INVOKER or set search_path/owner,45m
FUNCTION_SECURITY_DEFINER,HIGH,function,public,improve_driver_class_annual,security_definer,Audit function for least privilege; consider SECURITY INVOKER or set search_path/owner,45m
FUNCTION_SECURITY_DEFINER,HIGH,function,public,initialize_driver_profile,security_definer,Audit function for least privilege; consider SECURITY INVOKER or set search_path/owner,45m
FUNCTION_SECURITY_DEFINER,HIGH,function,public,insert_notification_secure,security_definer,Audit function for least privilege; consider SECURITY INVOKER or set search_path/owner,45m
FUNCTION_SECURITY_DEFINER,HIGH,function,public,is_car_available,security_definer,Audit function for least privilege; consider SECURITY INVOKER or set search_path/owner,45m
FUNCTION_SECURITY_DEFINER,HIGH,function,public,is_car_owner,security_definer,Audit function for least privilege; consider SECURITY INVOKER or set search_path/owner,45m
FUNCTION_SECURITY_DEFINER,HIGH,function,public,is_google_calendar_connected,security_definer,Audit function for least privilege; consider SECURITY INVOKER or set search_path/owner,45m
FUNCTION_SECURITY_DEFINER,HIGH,function,public,issue_autorentar_credit,security_definer,Audit function for least privilege; consider SECURITY INVOKER or set search_path/owner,45m
FUNCTION_SECURITY_DEFINER,HIGH,function,public,issue_protection_credit,security_definer,Audit function for least privilege; consider SECURITY INVOKER or set search_path/owner,45m
FUNCTION_SECURITY_DEFINER,HIGH,function,public,lock_price_for_booking,security_definer,Audit function for least privilege; consider SECURITY INVOKER or set search_path/owner,45m
FUNCTION_SECURITY_DEFINER,HIGH,function,public,mark_conversation_as_read,security_definer,Audit function for least privilege; consider SECURITY INVOKER or set search_path/owner,45m
FUNCTION_SECURITY_DEFINER,HIGH,function,public,mark_payout_failed,security_definer,Audit function for least privilege; consider SECURITY INVOKER or set search_path/owner,45m
FUNCTION_SECURITY_DEFINER,HIGH,function,public,monitoring_check_database_metrics,security_definer,Audit function for least privilege; consider SECURITY INVOKER or set search_path/owner,45m
FUNCTION_SECURITY_DEFINER,HIGH,function,public,monitoring_create_alert,security_definer,Audit function for least privilege; consider SECURITY INVOKER or set search_path/owner,45m
FUNCTION_SECURITY_DEFINER,HIGH,function,public,notify_new_chat_message,security_definer,Audit function for least privilege; consider SECURITY INVOKER or set search_path/owner,45m
FUNCTION_SECURITY_DEFINER,HIGH,function,public,notify_waitlist_on_booking_change,security_definer,Audit function for least privilege; consider SECURITY INVOKER or set search_path/owner,45m
FUNCTION_SECURITY_DEFINER,HIGH,function,public,prevent_message_content_changes,security_definer,Audit function for least privilege; consider SECURITY INVOKER or set search_path/owner,45m
FUNCTION_SECURITY_DEFINER,HIGH,function,public,preview_booking_pricing,security_definer,Audit function for least privilege; consider SECURITY INVOKER or set search_path/owner,45m
FUNCTION_SECURITY_DEFINER,HIGH,function,public,pricing_recalculate,security_definer,Audit function for least privilege; consider SECURITY INVOKER or set search_path/owner,45m
FUNCTION_SECURITY_DEFINER,HIGH,function,public,process_split_payment,security_definer,Audit function for least privilege; consider SECURITY INVOKER or set search_path/owner,45m
FUNCTION_SECURITY_DEFINER,HIGH,function,public,process_withdrawal,security_definer,Audit function for least privilege; consider SECURITY INVOKER or set search_path/owner,45m
FUNCTION_SECURITY_DEFINER,HIGH,function,public,purchase_bonus_protector,security_definer,Audit function for least privilege; consider SECURITY INVOKER or set search_path/owner,45m
FUNCTION_SECURITY_DEFINER,HIGH,function,public,quote_booking,security_definer,Audit function for least privilege; consider SECURITY INVOKER or set search_path/owner,45m
FUNCTION_SECURITY_DEFINER,HIGH,function,public,recalculate_all_driver_scores,security_definer,Audit function for least privilege; consider SECURITY INVOKER or set search_path/owner,45m
FUNCTION_SECURITY_DEFINER,HIGH,function,public,recognize_autorentar_credit_breakage,security_definer,Audit function for least privilege; consider SECURITY INVOKER or set search_path/owner,45m
FUNCTION_SECURITY_DEFINER,HIGH,function,public,recognize_protection_credit_breakage,security_definer,Audit function for least privilege; consider SECURITY INVOKER or set search_path/owner,45m
FUNCTION_SECURITY_DEFINER,HIGH,function,public,record_telemetry,security_definer,Audit function for least privilege; consider SECURITY INVOKER or set search_path/owner,45m
FUNCTION_SECURITY_DEFINER,HIGH,function,public,refresh_accounting_balances,security_definer,Audit function for least privilege; consider SECURITY INVOKER or set search_path/owner,45m
FUNCTION_SECURITY_DEFINER,HIGH,function,public,register_payment_split,security_definer,Audit function for least privilege; consider SECURITY INVOKER or set search_path/owner,45m
FUNCTION_SECURITY_DEFINER,HIGH,function,public,remove_from_waitlist,security_definer,Audit function for least privilege; consider SECURITY INVOKER or set search_path/owner,45m
FUNCTION_SECURITY_DEFINER,HIGH,function,public,request_booking,security_definer,Audit function for least privilege; consider SECURITY INVOKER or set search_path/owner,45m
FUNCTION_SECURITY_DEFINER,HIGH,function,public,rotate_encryption_key,security_definer,Audit function for least privilege; consider SECURITY INVOKER or set search_path/owner,45m
FUNCTION_SECURITY_DEFINER,HIGH,function,public,send_encrypted_message,security_definer,Audit function for least privilege; consider SECURITY INVOKER or set search_path/owner,45m
FUNCTION_SECURITY_DEFINER,HIGH,function,public,send_monthly_depreciation_notifications,security_definer,Audit function for least privilege; consider SECURITY INVOKER or set search_path/owner,45m
FUNCTION_SECURITY_DEFINER,HIGH,function,public,set_primary_goal,security_definer,Audit function for least privilege; consider SECURITY INVOKER or set search_path/owner,45m
FUNCTION_SECURITY_DEFINER,HIGH,function,public,st_estimatedextent,security_definer,Audit function for least privilege; consider SECURITY INVOKER or set search_path/owner,45m
FUNCTION_SECURITY_DEFINER,HIGH,function,public,start_location_tracking,security_definer,Audit function for least privilege; consider SECURITY INVOKER or set search_path/owner,45m
FUNCTION_SECURITY_DEFINER,HIGH,function,public,sync_binance_rates_direct,security_definer,Audit function for least privilege; consider SECURITY INVOKER or set search_path/owner,45m
FUNCTION_SECURITY_DEFINER,HIGH,function,public,sync_binance_rates_via_edge_function,security_definer,Audit function for least privilege; consider SECURITY INVOKER or set search_path/owner,45m
FUNCTION_SECURITY_DEFINER,HIGH,function,public,sync_profile_email_from_auth,security_definer,Audit function for least privilege; consider SECURITY INVOKER or set search_path/owner,45m
FUNCTION_SECURITY_DEFINER,HIGH,function,public,sync_profile_email_on_user_create,security_definer,Audit function for least privilege; consider SECURITY INVOKER or set search_path/owner,45m
FUNCTION_SECURITY_DEFINER,HIGH,function,public,transfer_profit_to_equity,security_definer,Audit function for least privilege; consider SECURITY INVOKER or set search_path/owner,45m
FUNCTION_SECURITY_DEFINER,HIGH,function,public,trg_accounting_revenue_recognition,security_definer,Audit function for least privilege; consider SECURITY INVOKER or set search_path/owner,45m
FUNCTION_SECURITY_DEFINER,HIGH,function,public,trg_accounting_security_deposit,security_definer,Audit function for least privilege; consider SECURITY INVOKER or set search_path/owner,45m
FUNCTION_SECURITY_DEFINER,HIGH,function,public,trg_accounting_wallet_deposit,security_definer,Audit function for least privilege; consider SECURITY INVOKER or set search_path/owner,45m
FUNCTION_SECURITY_DEFINER,HIGH,function,public,trigger_send_deposit_confirmation_email,security_definer,Audit function for least privilege; consider SECURITY INVOKER or set search_path/owner,45m
FUNCTION_SECURITY_DEFINER,HIGH,function,public,update_all_demand_snapshots,security_definer,Audit function for least privilege; consider SECURITY INVOKER or set search_path/owner,45m
FUNCTION_SECURITY_DEFINER,HIGH,function,public,update_booking_payout,security_definer,Audit function for least privilege; consider SECURITY INVOKER or set search_path/owner,45m
FUNCTION_SECURITY_DEFINER,HIGH,function,public,update_driver_class_on_event,security_definer,Audit function for least privilege; consider SECURITY INVOKER or set search_path/owner,45m
FUNCTION_SECURITY_DEFINER,HIGH,function,public,update_location,security_definer,Audit function for least privilege; consider SECURITY INVOKER or set search_path/owner,45m
FUNCTION_SECURITY_DEFINER,HIGH,function,public,update_payment_intent_status,security_definer,Audit function for least privilege; consider SECURITY INVOKER or set search_path/owner,45m
FUNCTION_SECURITY_DEFINER,HIGH,function,public,update_profile_with_encryption,security_definer,Audit function for least privilege; consider SECURITY INVOKER or set search_path/owner,45m
FUNCTION_SECURITY_DEFINER,HIGH,function,public,update_user_cars_payment_status,security_definer,Audit function for least privilege; consider SECURITY INVOKER or set search_path/owner,45m
FUNCTION_SECURITY_DEFINER,HIGH,function,public,update_user_stats_v2_for_booking,security_definer,Audit function for least privilege; consider SECURITY INVOKER or set search_path/owner,45m
FUNCTION_SECURITY_DEFINER,HIGH,function,public,user_can_receive_payments,security_definer,Audit function for least privilege; consider SECURITY INVOKER or set search_path/owner,45m
FUNCTION_SECURITY_DEFINER,HIGH,function,public,wallet_confirm_deposit_admin,security_definer,Audit function for least privilege; consider SECURITY INVOKER or set search_path/owner,45m
FUNCTION_SECURITY_DEFINER,HIGH,function,public,wallet_deposit_ledger,security_definer,Audit function for least privilege; consider SECURITY INVOKER or set search_path/owner,45m
FUNCTION_SECURITY_DEFINER,HIGH,function,public,wallet_get_autorentar_credit_info,security_definer,Audit function for least privilege; consider SECURITY INVOKER or set search_path/owner,45m
FUNCTION_SECURITY_DEFINER,HIGH,function,public,wallet_get_balance,security_definer,Audit function for least privilege; consider SECURITY INVOKER or set search_path/owner,45m
FUNCTION_SECURITY_DEFINER,HIGH,function,public,wallet_initiate_deposit,security_definer,Audit function for least privilege; consider SECURITY INVOKER or set search_path/owner,45m
FUNCTION_SECURITY_DEFINER,HIGH,function,public,wallet_lock_funds,security_definer,Audit function for least privilege; consider SECURITY INVOKER or set search_path/owner,45m
FUNCTION_SECURITY_DEFINER,HIGH,function,public,wallet_lock_rental_and_deposit,security_definer,Audit function for least privilege; consider SECURITY INVOKER or set search_path/owner,45m
FUNCTION_SECURITY_DEFINER,HIGH,function,public,wallet_unlock_funds,security_definer,Audit function for least privilege; consider SECURITY INVOKER or set search_path/owner,45m
FUNCTION_SECURITY_DEFINER,HIGH,function,storage,add_prefixes,security_definer,Audit function for least privilege; consider SECURITY INVOKER or set search_path/owner,45m
FUNCTION_SECURITY_DEFINER,HIGH,function,storage,delete_leaf_prefixes,security_definer,Audit function for least privilege; consider SECURITY INVOKER or set search_path/owner,45m
FUNCTION_SECURITY_DEFINER,HIGH,function,storage,delete_prefix,security_definer,Audit function for least privilege; consider SECURITY INVOKER or set search_path/owner,45m
FUNCTION_SECURITY_DEFINER,HIGH,function,storage,lock_top_prefixes,security_definer,Audit function for least privilege; consider SECURITY INVOKER or set search_path/owner,45m
FUNCTION_SECURITY_DEFINER,HIGH,function,storage,objects_delete_cleanup,security_definer,Audit function for least privilege; consider SECURITY INVOKER or set search_path/owner,45m
FUNCTION_SECURITY_DEFINER,HIGH,function,storage,objects_update_cleanup,security_definer,Audit function for least privilege; consider SECURITY INVOKER or set search_path/owner,45m
FUNCTION_SECURITY_DEFINER,HIGH,function,storage,prefixes_delete_cleanup,security_definer,Audit function for least privilege; consider SECURITY INVOKER or set search_path/owner,45m
FUNCTION_SECURITY_DEFINER,HIGH,function,vault,create_secret,security_definer,Audit function for least privilege; consider SECURITY INVOKER or set search_path/owner,45m
FUNCTION_SECURITY_DEFINER,HIGH,function,vault,update_secret,security_definer,Audit function for least privilege; consider SECURITY INVOKER or set search_path/owner,45m
HIGH_SEQ_SCANS,HIGH,table,public,bookings,seq_scans=339492,Add indexes or fix queries; run EXPLAIN ANALYZE on heavy queries,1h
HIGH_SEQ_SCANS,HIGH,table,public,cars,seq_scans=140311,Add indexes or fix queries; run EXPLAIN ANALYZE on heavy queries,1h
HIGH_SEQ_SCANS,HIGH,table,public,profiles,seq_scans=40973,Add indexes or fix queries; run EXPLAIN ANALYZE on heavy queries,1h
HIGH_SEQ_SCANS,HIGH,table,public,car_photos,seq_scans=31514,Add indexes or fix queries; run EXPLAIN ANALYZE on heavy queries,1h
RLS_NO_POLICY,HIGH,table,auth,audit_log_entries,rls_enabled_no_policies,Create restrictive RLS policies,30m
RLS_NO_POLICY,HIGH,table,auth,flow_state,rls_enabled_no_policies,Create restrictive RLS policies,30m
RLS_NO_POLICY,HIGH,table,auth,identities,rls_enabled_no_policies,Create restrictive RLS policies,30m
RLS_NO_POLICY,HIGH,table,auth,instances,rls_enabled_no_policies,Create restrictive RLS policies,30m
RLS_NO_POLICY,HIGH,table,auth,mfa_amr_claims,rls_enabled_no_policies,Create restrictive RLS policies,30m
RLS_NO_POLICY,HIGH,table,auth,mfa_challenges,rls_enabled_no_policies,Create restrictive RLS policies,30m
RLS_NO_POLICY,HIGH,table,auth,mfa_factors,rls_enabled_no_policies,Create restrictive RLS policies,30m
RLS_NO_POLICY,HIGH,table,auth,one_time_tokens,rls_enabled_no_policies,Create restrictive RLS policies,30m
RLS_NO_POLICY,HIGH,table,auth,refresh_tokens,rls_enabled_no_policies,Create restrictive RLS policies,30m
RLS_NO_POLICY,HIGH,table,auth,saml_providers,rls_enabled_no_policies,Create restrictive RLS policies,30m
RLS_NO_POLICY,HIGH,table,auth,saml_relay_states,rls_enabled_no_policies,Create restrictive RLS policies,30m
RLS_NO_POLICY,HIGH,table,auth,schema_migrations,rls_enabled_no_policies,Create restrictive RLS policies,30m
RLS_NO_POLICY,HIGH,table,auth,sessions,rls_enabled_no_policies,Create restrictive RLS policies,30m
RLS_NO_POLICY,HIGH,table,auth,sso_domains,rls_enabled_no_policies,Create restrictive RLS policies,30m
RLS_NO_POLICY,HIGH,table,auth,sso_providers,rls_enabled_no_policies,Create restrictive RLS policies,30m
RLS_NO_POLICY,HIGH,table,auth,users,rls_enabled_no_policies,Create restrictive RLS policies,30m
RLS_NO_POLICY,HIGH,table,public,accounting_accounts,rls_enabled_no_policies,Create restrictive RLS policies,30m
RLS_NO_POLICY,HIGH,table,public,accounting_audit_log,rls_enabled_no_policies,Create restrictive RLS policies,30m
RLS_NO_POLICY,HIGH,table,public,accounting_chart_of_accounts,rls_enabled_no_policies,Create restrictive RLS policies,30m
RLS_NO_POLICY,HIGH,table,public,accounting_period_balances,rls_enabled_no_policies,Create restrictive RLS policies,30m
RLS_NO_POLICY,HIGH,table,public,accounting_period_closures,rls_enabled_no_policies,Create restrictive RLS policies,30m
RLS_NO_POLICY,HIGH,table,public,accounting_provisions,rls_enabled_no_policies,Create restrictive RLS policies,30m
RLS_NO_POLICY,HIGH,table,public,accounting_revenue_recognition,rls_enabled_no_policies,Create restrictive RLS policies,30m
RLS_NO_POLICY,HIGH,table,public,driver_score_snapshots,rls_enabled_no_policies,Create restrictive RLS policies,30m
RLS_NO_POLICY,HIGH,table,public,encryption_audit_log,rls_enabled_no_policies,Create restrictive RLS policies,30m
RLS_NO_POLICY,HIGH,table,public,fgo_metrics,rls_enabled_no_policies,Create restrictive RLS policies,30m
RLS_NO_POLICY,HIGH,table,public,fgo_subfunds,rls_enabled_no_policies,Create restrictive RLS policies,30m
RLS_NO_POLICY,HIGH,table,public,monitoring_alerts,rls_enabled_no_policies,Create restrictive RLS policies,30m
RLS_NO_POLICY,HIGH,table,public,monitoring_performance_metrics,rls_enabled_no_policies,Create restrictive RLS policies,30m
RLS_NO_POLICY,HIGH,table,public,mp_webhook_logs,rls_enabled_no_policies,Create restrictive RLS policies,30m
RLS_NO_POLICY,HIGH,table,public,pricing_class_factors,rls_enabled_no_policies,Create restrictive RLS policies,30m
RLS_NO_POLICY,HIGH,table,public,system_flags,rls_enabled_no_policies,Create restrictive RLS policies,30m
RLS_NO_POLICY,HIGH,table,public,vehicle_pricing_models,rls_enabled_no_policies,Create restrictive RLS policies,30m
RLS_NO_POLICY,HIGH,table,public,wallet_transaction_backups,rls_enabled_no_policies,Create restrictive RLS policies,30m
RLS_NO_POLICY,HIGH,table,storage,buckets,rls_enabled_no_policies,Create restrictive RLS policies,30m
RLS_NO_POLICY,HIGH,table,storage,buckets_analytics,rls_enabled_no_policies,Create restrictive RLS policies,30m
RLS_NO_POLICY,HIGH,table,storage,buckets_vectors,rls_enabled_no_policies,Create restrictive RLS policies,30m
RLS_NO_POLICY,HIGH,table,storage,migrations,rls_enabled_no_policies,Create restrictive RLS policies,30m
RLS_NO_POLICY,HIGH,table,storage,prefixes,rls_enabled_no_policies,Create restrictive RLS policies,30m
RLS_NO_POLICY,HIGH,table,storage,s3_multipart_uploads,rls_enabled_no_policies,Create restrictive RLS policies,30m
RLS_NO_POLICY,HIGH,table,storage,s3_multipart_uploads_parts,rls_enabled_no_policies,Create restrictive RLS policies,30m
RLS_NO_POLICY,HIGH,table,storage,vector_indexes,rls_enabled_no_policies,Create restrictive RLS policies,30m
HIGH_SEQ_SCANS,MEDIUM,table,public,messages,seq_scans=7288,Add indexes or fix queries; run EXPLAIN ANALYZE on heavy queries,1h
HIGH_SEQ_SCANS,MEDIUM,table,public,notifications,seq_scans=1325,Add indexes or fix queries; run EXPLAIN ANALYZE on heavy queries,1h
HIGH_SEQ_SCANS,MEDIUM,table,public,accounting_ledger,seq_scans=4801,Add indexes or fix queries; run EXPLAIN ANALYZE on heavy queries,1h
HIGH_SEQ_SCANS,MEDIUM,table,public,reviews,seq_scans=1964,Add indexes or fix queries; run EXPLAIN ANALYZE on heavy queries,1h
HIGH_SEQ_SCANS,MEDIUM,table,public,user_verifications,seq_scans=6175,Add indexes or fix queries; run EXPLAIN ANALYZE on heavy queries,1h
HIGH_SEQ_SCANS,MEDIUM,table,public,pricing_regions,seq_scans=1224,Add indexes or fix queries; run EXPLAIN ANALYZE on heavy queries,1h
